{
    "(1, 1024, 1)": {
        "read": [
            [
                0.0002658367156982422
            ],
            [
                0.0002484321594238281
            ]
        ],
        "compute": [
            [
                0.0010957717895507812
            ],
            [
                0.002424478530883789
            ]
        ],
        "write": [
            [
                8.845329284667969e-05
            ],
            [
                0.00011348724365234375
            ]
        ],
        "cold_start": [
            [
                0.19868230819702148
            ],
            [
                0.22549986839294434
            ]
        ],
        "energy_consumption": [
            [
                63751.71428571428
            ],
            [
                388545.5835714286
            ]
        ]
    }
}